{"stats":{"minecraft:custom":{"minecraft:jump":11,"minecraft:time_since_rest":3691,"minecraft:damage_dealt":100,"minecraft:leave_game":1,"minecraft:sprint_one_cm":218,"minecraft:play_time":3691,"minecraft:time_since_death":3691,"minecraft:walk_one_cm":844,"minecraft:total_world_time":3691,"minecraft:mob_kills":1,"minecraft:fall_one_cm":1010,"minecraft:fly_one_cm":358},"minecraft:mined":{"minecraft:grass":2},"minecraft:picked_up":{"minecraft:beef":1,"minecraft:leather":1},"minecraft:killed":{"minecraft:cow":1}},"DataVersion":3465}